name,address,city,state,zip_code,latitude,longitude,rating,review_count,categories,price,phone,url
Larry's Smokin' Barbeque,,Fremont,CA,94536,37.56596,-121.99893,5.0,6,"Barbeque, Food Stands, Caterers",N/A,(510) 377-3809,https://www.yelp.com/biz/larrys-smokin-barbeque-fremont?adjust_creative=GepJ5zIUri1AD57Nr1jJuQ&utm_campaign=yelp_api_v3&utm_medium=api_v3_business_search&utm_source=GepJ5zIUri1AD57Nr1jJuQ
Special Noodle,6004 Stevenson Blvd,Fremont,CA,94538,37.519447,-121.989208,5.0,6,Noodles,N/A,(510) 687-1241,https://www.yelp.com/biz/special-noodle-fremont?adjust_creative=GepJ5zIUri1AD57Nr1jJuQ&utm_campaign=yelp_api_v3&utm_medium=api_v3_business_search&utm_source=GepJ5zIUri1AD57Nr1jJuQ
Classic Patio Furniture - Warehouse Outlet,1582 Zephyr Ave,Hayward,CA,94542,37.611087,-122.05951,5.0,7,Mexican,N/A,(510) 750-6055,https://www.yelp.com/biz/classic-patio-furniture-warehouse-outlet-hayward?adjust_creative=GepJ5zIUri1AD57Nr1jJuQ&utm_campaign=yelp_api_v3&utm_medium=api_v3_business_search&utm_source=GepJ5zIUri1AD57Nr1jJuQ
HeaDQuarter’s,2086 Newpark Mall,Newark,CA,94560,37.526289836960714,-122.0013483744979,5.0,5,"Sandwiches, Food Stands",N/A,(408) 771-5408,https://www.yelp.com/biz/headquarter-s-newark-3?adjust_creative=GepJ5zIUri1AD57Nr1jJuQ&utm_campaign=yelp_api_v3&utm_medium=api_v3_business_search&utm_source=GepJ5zIUri1AD57Nr1jJuQ
Cock n' Curry - Indian Fried Chicken,,Union City,CA,94587,37.60296239816025,-122.01869041095183,5.0,5,"Chicken Shop, Sandwiches, Indian",N/A,(415) 610-9284,https://www.yelp.com/biz/cock-n-curry-indian-fried-chicken-union-city-2?adjust_creative=GepJ5zIUri1AD57Nr1jJuQ&utm_campaign=yelp_api_v3&utm_medium=api_v3_business_search&utm_source=GepJ5zIUri1AD57Nr1jJuQ
Carnitas Aguirre,,Union City,CA,94587,37.594789,-122.055714,5.0,35,"Caterers, Tacos, Food Trucks",N/A,(510) 755-1113,https://www.yelp.com/biz/carnitas-aguirre-union-city?adjust_creative=GepJ5zIUri1AD57Nr1jJuQ&utm_campaign=yelp_api_v3&utm_medium=api_v3_business_search&utm_source=GepJ5zIUri1AD57Nr1jJuQ
Dat Q BBQ,,Newark,CA,94560,37.5355,-122.03496,5.0,21,"Caterers, Barbeque, Food Delivery Services",N/A,(510) 386-0283,https://www.yelp.com/biz/dat-q-bbq-newark?adjust_creative=GepJ5zIUri1AD57Nr1jJuQ&utm_campaign=yelp_api_v3&utm_medium=api_v3_business_search&utm_source=GepJ5zIUri1AD57Nr1jJuQ
Estelita Food Truck,43411 Grimmer Blvd,Fremont,CA,94538,37.51056321398463,-121.9643523,4.9,10,"Food Trucks, Mexican",N/A,,https://www.yelp.com/biz/estelita-food-truck-fremont?adjust_creative=GepJ5zIUri1AD57Nr1jJuQ&utm_campaign=yelp_api_v3&utm_medium=api_v3_business_search&utm_source=GepJ5zIUri1AD57Nr1jJuQ
Mexican Taco Party Catering,,Fremont,CA,94539,37.5148444,-121.9131761,4.9,117,"Caterers, Tacos",$$,(510) 331-1363,https://www.yelp.com/biz/mexican-taco-party-catering-fremont-2?adjust_creative=GepJ5zIUri1AD57Nr1jJuQ&utm_campaign=yelp_api_v3&utm_medium=api_v3_business_search&utm_source=GepJ5zIUri1AD57Nr1jJuQ
Kitchen 804,1798 Whipple Rd,Union City,CA,94587,37.605539,-122.051167,4.8,64,"Burgers, Halal, Chicken Wings",N/A,(510) 634-7360,https://www.yelp.com/biz/kitchen-804-union-city?adjust_creative=GepJ5zIUri1AD57Nr1jJuQ&utm_campaign=yelp_api_v3&utm_medium=api_v3_business_search&utm_source=GepJ5zIUri1AD57Nr1jJuQ
Virasat Indian Cuisine ,31080 Union City Blvd,Union City,CA,94587,37.59580346054895,-122.08038221574434,4.8,69,Indian,N/A,(510) 400-3760,https://www.yelp.com/biz/virasat-indian-cuisine-union-city-2?adjust_creative=GepJ5zIUri1AD57Nr1jJuQ&utm_campaign=yelp_api_v3&utm_medium=api_v3_business_search&utm_source=GepJ5zIUri1AD57Nr1jJuQ
Lucy's Crepes,39459 Fremont Blvd,Fremont,CA,94538,37.543758549000614,-121.9819813594222,4.8,69,"Creperies, Ukrainian, Russian",N/A,(510) 358-2276,https://www.yelp.com/biz/lucys-crepes-fremont?adjust_creative=GepJ5zIUri1AD57Nr1jJuQ&utm_campaign=yelp_api_v3&utm_medium=api_v3_business_search&utm_source=GepJ5zIUri1AD57Nr1jJuQ
Tacos Bravo & catering,,Fremont,CA,94539,37.5148444,-121.9131761,4.8,145,"Mexican, Food Stands",N/A,(510) 358-5898,https://www.yelp.com/biz/tacos-bravo-and-catering-fremont?adjust_creative=GepJ5zIUri1AD57Nr1jJuQ&utm_campaign=yelp_api_v3&utm_medium=api_v3_business_search&utm_source=GepJ5zIUri1AD57Nr1jJuQ
Afghan Awasana Kabob,37012 Towers Way,Fremont,CA,94536,37.550094,-122.019356,4.8,424,"Afghan, Halal, Kebab",$$,(510) 494-8043,https://www.yelp.com/biz/afghan-awasana-kabob-fremont-2?adjust_creative=GepJ5zIUri1AD57Nr1jJuQ&utm_campaign=yelp_api_v3&utm_medium=api_v3_business_search&utm_source=GepJ5zIUri1AD57Nr1jJuQ
Taqueria Los Perrones,2499 Whipple Rd,Hayward,CA,94544,37.60780159999999,-122.0628637,5.0,4,"Tacos, Food Stands",N/A,(916) 664-9866,https://www.yelp.com/biz/taqueria-los-perrones-hayward-2?adjust_creative=GepJ5zIUri1AD57Nr1jJuQ&utm_campaign=yelp_api_v3&utm_medium=api_v3_business_search&utm_source=GepJ5zIUri1AD57Nr1jJuQ
Mama’s Papas,3821 Smith St,Union City,CA,94587,37.59668914424769,-122.07747602336936,4.7,39,"Latin American, Pop-Up Restaurants, Comfort Food",N/A,,https://www.yelp.com/biz/mama-s-papas-union-city?adjust_creative=GepJ5zIUri1AD57Nr1jJuQ&utm_campaign=yelp_api_v3&utm_medium=api_v3_business_search&utm_source=GepJ5zIUri1AD57Nr1jJuQ
Dynasty BBQ,5492 Central Ave,Newark,CA,94560,37.53791029911502,-122.017756134237,4.7,293,"Chinese, Barbeque",N/A,(510) 818-9928,https://www.yelp.com/biz/dynasty-bbq-newark-2?adjust_creative=GepJ5zIUri1AD57Nr1jJuQ&utm_campaign=yelp_api_v3&utm_medium=api_v3_business_search&utm_source=GepJ5zIUri1AD57Nr1jJuQ
Chuan Xiang Spicy Cuisine,6092 Mowry Ave,Newark,CA,94560,37.523997,-122.008074,4.7,55,Chinese,N/A,(510) 998-0888,https://www.yelp.com/biz/chuan-xiang-spicy-cuisine-newark-2?adjust_creative=GepJ5zIUri1AD57Nr1jJuQ&utm_campaign=yelp_api_v3&utm_medium=api_v3_business_search&utm_source=GepJ5zIUri1AD57Nr1jJuQ
Vande Bharat,127 Dixon Rd,Milpitas,CA,95035,37.45845633298493,-121.9098534,4.7,44,Indian,N/A,(408) 415-4463,https://www.yelp.com/biz/vande-bharat-milpitas?adjust_creative=GepJ5zIUri1AD57Nr1jJuQ&utm_campaign=yelp_api_v3&utm_medium=api_v3_business_search&utm_source=GepJ5zIUri1AD57Nr1jJuQ
四姐 Special Noodle,6004 Stevenson Blvd,Fremont,CA,94538,37.5194706,-121.9890889,4.7,536,"Chinese, Noodles",$$,(408) 859-6709,https://www.yelp.com/biz/%E5%9B%9B%E5%A7%90-special-noodle-fremont?adjust_creative=GepJ5zIUri1AD57Nr1jJuQ&utm_campaign=yelp_api_v3&utm_medium=api_v3_business_search&utm_source=GepJ5zIUri1AD57Nr1jJuQ
Happiness Hot Pot,37140 Fremont Blvd,Fremont,CA,94536,37.559561,-122.009079,4.7,153,Hot Pot,N/A,(510) 807-9130,https://www.yelp.com/biz/happiness-hot-pot-fremont?adjust_creative=GepJ5zIUri1AD57Nr1jJuQ&utm_campaign=yelp_api_v3&utm_medium=api_v3_business_search&utm_source=GepJ5zIUri1AD57Nr1jJuQ
Kabob Fusion,41986 Fremont Blvd,Fremont,CA,94538,37.52442424361435,-121.95741284678108,4.7,245,"Mediterranean, Halal, Burgers",N/A,(510) 270-8337,https://www.yelp.com/biz/kabob-fusion-fremont?adjust_creative=GepJ5zIUri1AD57Nr1jJuQ&utm_campaign=yelp_api_v3&utm_medium=api_v3_business_search&utm_source=GepJ5zIUri1AD57Nr1jJuQ
Little Seven Special Soup W Rice,46529 Mission Blvd,Fremont,CA,94539,37.492526,-121.928562,4.7,16,"Soup, Chinese, Desserts",$$,(510) 228-4477,https://www.yelp.com/biz/little-seven-special-soup-w-rice-fremont-3?adjust_creative=GepJ5zIUri1AD57Nr1jJuQ&utm_campaign=yelp_api_v3&utm_medium=api_v3_business_search&utm_source=GepJ5zIUri1AD57Nr1jJuQ
Catrina Taco Truck,37270 Niles Blvd,Fremont,CA,94536,37.57781356209078,-121.9813397,4.7,22,"Tacos, Food Trucks",N/A,(510) 600-9811,https://www.yelp.com/biz/catrina-taco-truck-fremont?adjust_creative=GepJ5zIUri1AD57Nr1jJuQ&utm_campaign=yelp_api_v3&utm_medium=api_v3_business_search&utm_source=GepJ5zIUri1AD57Nr1jJuQ
Amelia's Kitchen,4300 Decoto Rd,Fremont,CA,94555,37.5675011720388,-122.03471108568668,4.7,80,"Food Trucks, Mexican",$,(510) 690-7262,https://www.yelp.com/biz/amelias-kitchen-fremont-5?adjust_creative=GepJ5zIUri1AD57Nr1jJuQ&utm_campaign=yelp_api_v3&utm_medium=api_v3_business_search&utm_source=GepJ5zIUri1AD57Nr1jJuQ
Cay Cafe,46551 Mission Blvd,Fremont,CA,94539,37.492068,-121.929532,4.7,71,"Vietnamese, Coffee & Tea, Sandwiches",N/A,(510) 771-9913,https://www.yelp.com/biz/cay-cafe-fremont-5?adjust_creative=GepJ5zIUri1AD57Nr1jJuQ&utm_campaign=yelp_api_v3&utm_medium=api_v3_business_search&utm_source=GepJ5zIUri1AD57Nr1jJuQ
YSG Halal YeeShaans Grubb,4342 Thornton Ave,Fremont,CA,94536,37.55663,-122.014241,4.7,214,"Halal, Burgers",$$,(510) 605-9510,https://www.yelp.com/biz/ysg-halal-yeeshaans-grubb-fremont-2?adjust_creative=GepJ5zIUri1AD57Nr1jJuQ&utm_campaign=yelp_api_v3&utm_medium=api_v3_business_search&utm_source=GepJ5zIUri1AD57Nr1jJuQ
Spicy Kitchen,35201 Newark Blvd,Newark,CA,94560,37.547846,-122.047286,4.7,35,Asian Fusion,N/A,(510) 894-1054,https://www.yelp.com/biz/spicy-kitchen-newark?adjust_creative=GepJ5zIUri1AD57Nr1jJuQ&utm_campaign=yelp_api_v3&utm_medium=api_v3_business_search&utm_source=GepJ5zIUri1AD57Nr1jJuQ
Taquizas Michoacan,,Fremont,CA,94555,37.56622,-122.05116,4.6,11,"Caterers, Food Trucks, Tacos",N/A,(510) 557-8564,https://www.yelp.com/biz/taquizas-michoacan-fremont-2?adjust_creative=GepJ5zIUri1AD57Nr1jJuQ&utm_campaign=yelp_api_v3&utm_medium=api_v3_business_search&utm_source=GepJ5zIUri1AD57Nr1jJuQ
Sri Balaji Tiffins,4918 Paseo Padre Pkwy,Fremont,CA,94555,37.56718,-122.05261,4.6,11,Indian,N/A,(510) 400-7550,https://www.yelp.com/biz/sri-balaji-tiffins-fremont?adjust_creative=GepJ5zIUri1AD57Nr1jJuQ&utm_campaign=yelp_api_v3&utm_medium=api_v3_business_search&utm_source=GepJ5zIUri1AD57Nr1jJuQ
ZSX Szechuan Rice Noodle,6180 Jarvis Ave,Newark,CA,94560,37.54919816058271,-122.04978158586708,4.6,41,"Noodles, Soup, Hot Pot",$$,(510) 508-3319,https://www.yelp.com/biz/zsx-szechuan-rice-noodle-newark?adjust_creative=GepJ5zIUri1AD57Nr1jJuQ&utm_campaign=yelp_api_v3&utm_medium=api_v3_business_search&utm_source=GepJ5zIUri1AD57Nr1jJuQ
MAD Creationz,,Union City,CA,94587,37.603139883111616,-122.01860966904448,4.6,19,"Food Delivery Services, Pop-Up Restaurants",N/A,(510) 200-8264,https://www.yelp.com/biz/mad-creationz-union-city?adjust_creative=GepJ5zIUri1AD57Nr1jJuQ&utm_campaign=yelp_api_v3&utm_medium=api_v3_business_search&utm_source=GepJ5zIUri1AD57Nr1jJuQ
Always Cool BBQ,6004 Stevenson Blvd,Fremont,CA,94538,37.519447,-121.989208,4.6,266,"Bars, Barbeque",N/A,(510) 687-1222,https://www.yelp.com/biz/always-cool-bbq-fremont-2?adjust_creative=GepJ5zIUri1AD57Nr1jJuQ&utm_campaign=yelp_api_v3&utm_medium=api_v3_business_search&utm_source=GepJ5zIUri1AD57Nr1jJuQ
East Bay Cafe Depot,37260 Fremont Blvd,Fremont,CA,94536,37.5587622,-122.0077498,4.6,278,"Coffee & Tea, Filipino, Breakfast & Brunch",$$,(510) 364-2324,https://www.yelp.com/biz/east-bay-cafe-depot-fremont?adjust_creative=GepJ5zIUri1AD57Nr1jJuQ&utm_campaign=yelp_api_v3&utm_medium=api_v3_business_search&utm_source=GepJ5zIUri1AD57Nr1jJuQ
Old Street Chengpan Malatang,6080 Stevenson Blvd,Fremont,CA,94538,37.51832103845419,-121.9899259,4.6,113,"Szechuan, Hot Pot",$$,(510) 598-8315,https://www.yelp.com/biz/old-street-chengpan-malatang-fremont?adjust_creative=GepJ5zIUri1AD57Nr1jJuQ&utm_campaign=yelp_api_v3&utm_medium=api_v3_business_search&utm_source=GepJ5zIUri1AD57Nr1jJuQ
Soo Ja Seolleongtang,6052 Stevenson Blvd,Fremont,CA,94538,37.517975,-121.989162,4.6,190,"Korean, Soup",$$,(510) 573-4329,https://www.yelp.com/biz/soo-ja-seolleongtang-fremont?adjust_creative=GepJ5zIUri1AD57Nr1jJuQ&utm_campaign=yelp_api_v3&utm_medium=api_v3_business_search&utm_source=GepJ5zIUri1AD57Nr1jJuQ
RĀW Superfood Café - Milpitas,1679 N Milpitas Blvd,Milpitas,CA,95035,37.454781,-121.911651,4.6,1044,"Vegan, Acai Bowls, Cafes",$$,(408) 359-3706,https://www.yelp.com/biz/r%C4%81w-superfood-caf%C3%A9-milpitas-milpitas-2?adjust_creative=GepJ5zIUri1AD57Nr1jJuQ&utm_campaign=yelp_api_v3&utm_medium=api_v3_business_search&utm_source=GepJ5zIUri1AD57Nr1jJuQ
Tacos Estrella,,Union City,CA,94587,37.58569,-122.01835,4.6,5,"Food Trucks, Tacos",$,(510) 399-8541,https://www.yelp.com/biz/tacos-estrella-union-city?adjust_creative=GepJ5zIUri1AD57Nr1jJuQ&utm_campaign=yelp_api_v3&utm_medium=api_v3_business_search&utm_source=GepJ5zIUri1AD57Nr1jJuQ
Xifu Hotpot,43829 Boscell Rd,Fremont,CA,94538,37.50032726712242,-121.97312033946064,4.6,5,"Seafood, Chinese, Hot Pot",N/A,(510) 573-6417,https://www.yelp.com/biz/xifu-hotpot-fremont?adjust_creative=GepJ5zIUri1AD57Nr1jJuQ&utm_campaign=yelp_api_v3&utm_medium=api_v3_business_search&utm_source=GepJ5zIUri1AD57Nr1jJuQ
El Rodeo,4949 Stevenson Blvd,Fremont,CA,94538,37.52987,-121.98314,4.6,241,"Tex-Mex, Mexican",$$,(510) 270-8008,https://www.yelp.com/biz/el-rodeo-fremont?adjust_creative=GepJ5zIUri1AD57Nr1jJuQ&utm_campaign=yelp_api_v3&utm_medium=api_v3_business_search&utm_source=GepJ5zIUri1AD57Nr1jJuQ
Haleluya Ethiopian Gourmet,4144 Walnut Ave,Fremont,CA,94538,37.54393,-121.9831,4.6,296,Ethiopian,$$,(510) 270-8310,https://www.yelp.com/biz/haleluya-ethiopian-gourmet-fremont?adjust_creative=GepJ5zIUri1AD57Nr1jJuQ&utm_campaign=yelp_api_v3&utm_medium=api_v3_business_search&utm_source=GepJ5zIUri1AD57Nr1jJuQ
Kong Sarang Tofu & BBQ,6180 Jarvis Ave,Newark,CA,94560,37.54901976802342,-122.0498912327813,4.6,186,"Korean, Barbeque, Noodles",$$,(510) 797-8911,https://www.yelp.com/biz/kong-sarang-tofu-and-bbq-newark-3?adjust_creative=GepJ5zIUri1AD57Nr1jJuQ&utm_campaign=yelp_api_v3&utm_medium=api_v3_business_search&utm_source=GepJ5zIUri1AD57Nr1jJuQ
Lạc Coffee,39658 Cedar Blvd,Newark,CA,94560,37.52186977680953,-121.9974227,4.6,177,"Coffee & Tea, Vietnamese, Ice Cream & Frozen Yogurt",$,(510) 270-8380,https://www.yelp.com/biz/l%E1%BA%A1c-coffee-newark-4?adjust_creative=GepJ5zIUri1AD57Nr1jJuQ&utm_campaign=yelp_api_v3&utm_medium=api_v3_business_search&utm_source=GepJ5zIUri1AD57Nr1jJuQ
Haidilao,43349 Boscell Rd,Fremont,CA,94538,37.503212,-121.976603,4.6,1124,"Hot Pot, Chinese, Pan Asian",$$$,(510) 631-0888,https://www.yelp.com/biz/haidilao-fremont-5?adjust_creative=GepJ5zIUri1AD57Nr1jJuQ&utm_campaign=yelp_api_v3&utm_medium=api_v3_business_search&utm_source=GepJ5zIUri1AD57Nr1jJuQ
Playa Azul Restaurant,1680 Decoto Rd,Union City,CA,94587,37.58924,-122.018908,4.6,54,"Mexican, Seafood",$$,(510) 436-7930,https://www.yelp.com/biz/playa-azul-restaurant-union-city?adjust_creative=GepJ5zIUri1AD57Nr1jJuQ&utm_campaign=yelp_api_v3&utm_medium=api_v3_business_search&utm_source=GepJ5zIUri1AD57Nr1jJuQ
YY Noodle,4039 Bay St,Fremont,CA,94538,37.5330408,-121.9600784,4.6,7,"Food Stands, Chinese",N/A,(408) 489-3628,https://www.yelp.com/biz/yy-noodle-fremont?adjust_creative=GepJ5zIUri1AD57Nr1jJuQ&utm_campaign=yelp_api_v3&utm_medium=api_v3_business_search&utm_source=GepJ5zIUri1AD57Nr1jJuQ
Mirchi Meat & Deli,40900 Fremont Blvd,Fremont,CA,94538,37.53419,-121.960893,4.6,191,"Delis, Butcher, Sandwiches",$$,(510) 624-9136,https://www.yelp.com/biz/mirchi-meat-and-deli-fremont?adjust_creative=GepJ5zIUri1AD57Nr1jJuQ&utm_campaign=yelp_api_v3&utm_medium=api_v3_business_search&utm_source=GepJ5zIUri1AD57Nr1jJuQ
Home Eat,46573 Mission Blvd,Fremont,CA,94539,37.492038,-121.929902,4.6,317,"Chinese, Hot Pot",$$,(510) 651-8989,https://www.yelp.com/biz/home-eat-fremont-4?adjust_creative=GepJ5zIUri1AD57Nr1jJuQ&utm_campaign=yelp_api_v3&utm_medium=api_v3_business_search&utm_source=GepJ5zIUri1AD57Nr1jJuQ
Greens N Grills,31804 Alvarado Blvd,Union City,CA,94587,37.591646,-122.071326,4.6,310,"Mediterranean, Wraps, Halal",$$,(510) 431-3021,https://www.yelp.com/biz/greens-n-grills-union-city-5?adjust_creative=GepJ5zIUri1AD57Nr1jJuQ&utm_campaign=yelp_api_v3&utm_medium=api_v3_business_search&utm_source=GepJ5zIUri1AD57Nr1jJuQ
Meet Rice Noodle,46260 Warm Springs Blvd,Fremont,CA,94539,37.492536,-121.929675,4.6,29,Restaurants,N/A,(510) 573-0322,https://www.yelp.com/biz/meet-rice-noodle-fremont?adjust_creative=GepJ5zIUri1AD57Nr1jJuQ&utm_campaign=yelp_api_v3&utm_medium=api_v3_business_search&utm_source=GepJ5zIUri1AD57Nr1jJuQ
Tang’s Haus,34555 Alvarado Niles Rd,Union City,CA,94587,37.5864065,-122.02013523005944,4.6,272,Korean,$$,(510) 431-3205,https://www.yelp.com/biz/tang-s-haus-union-city?adjust_creative=GepJ5zIUri1AD57Nr1jJuQ&utm_campaign=yelp_api_v3&utm_medium=api_v3_business_search&utm_source=GepJ5zIUri1AD57Nr1jJuQ
Mala Town,1737 Decoto Rd,Union City,CA,94587,37.589501,-122.022215,4.5,590,"Asian Fusion, Hot Pot, Ramen",$$,(510) 400-3242,https://www.yelp.com/biz/mala-town-union-city-2?adjust_creative=GepJ5zIUri1AD57Nr1jJuQ&utm_campaign=yelp_api_v3&utm_medium=api_v3_business_search&utm_source=GepJ5zIUri1AD57Nr1jJuQ
Rice Junky,38487 Fremont Blvd,Fremont,CA,94536,37.551007,-121.99474,4.5,439,Korean,$$,(669) 900-3231,https://www.yelp.com/biz/rice-junky-fremont?adjust_creative=GepJ5zIUri1AD57Nr1jJuQ&utm_campaign=yelp_api_v3&utm_medium=api_v3_business_search&utm_source=GepJ5zIUri1AD57Nr1jJuQ
Bear Bitez,5486 Central Ave,Newark,CA,94560,37.53791,-122.01763,4.5,670,"Burgers, Caterers, Sandwiches",$$,(510) 648-2721,https://www.yelp.com/biz/bear-bitez-newark?adjust_creative=GepJ5zIUri1AD57Nr1jJuQ&utm_campaign=yelp_api_v3&utm_medium=api_v3_business_search&utm_source=GepJ5zIUri1AD57Nr1jJuQ
One Piece Lamian,34123 Fremont Blvd,Fremont,CA,94555,37.57603874268149,-122.04410914334032,4.5,320,"Chinese, Soup, Noodles",$$,(510) 648-2828,https://www.yelp.com/biz/one-piece-lamian-fremont?adjust_creative=GepJ5zIUri1AD57Nr1jJuQ&utm_campaign=yelp_api_v3&utm_medium=api_v3_business_search&utm_source=GepJ5zIUri1AD57Nr1jJuQ
Hungry Cow,40470 Albrae St,Fremont,CA,94538,37.52062,-121.98815,4.5,783,"Korean, Barbeque",$$$,(510) 573-8200,https://www.yelp.com/biz/hungry-cow-fremont?adjust_creative=GepJ5zIUri1AD57Nr1jJuQ&utm_campaign=yelp_api_v3&utm_medium=api_v3_business_search&utm_source=GepJ5zIUri1AD57Nr1jJuQ
Momo & Kebab,37100 Fremont Blvd,Fremont,CA,94536,37.56022054807729,-122.0102725025716,4.5,616,"Himalayan/Nepalese, Mediterranean, Kebab",$$,(510) 894-4317,https://www.yelp.com/biz/momo-and-kebab-fremont?adjust_creative=GepJ5zIUri1AD57Nr1jJuQ&utm_campaign=yelp_api_v3&utm_medium=api_v3_business_search&utm_source=GepJ5zIUri1AD57Nr1jJuQ
Osumo Poke,39957 Mission Blvd,Fremont,CA,94539,37.556556763269434,-121.95265358650518,4.5,104,"Japanese, Poke, Beer Bar",$$,(510) 270-8363,https://www.yelp.com/biz/osumo-poke-fremont-6?adjust_creative=GepJ5zIUri1AD57Nr1jJuQ&utm_campaign=yelp_api_v3&utm_medium=api_v3_business_search&utm_source=GepJ5zIUri1AD57Nr1jJuQ
Pho Ga 88,1719 Decoto Rd,Union City,CA,94587,37.58950551501099,-122.0219473,4.5,83,"Noodles, Chicken Shop, Vietnamese",$$,(510) 952-9569,https://www.yelp.com/biz/pho-ga-88-union-city?adjust_creative=GepJ5zIUri1AD57Nr1jJuQ&utm_campaign=yelp_api_v3&utm_medium=api_v3_business_search&utm_source=GepJ5zIUri1AD57Nr1jJuQ
Five Grains Noodle House,34129 Fremont Blvd,Fremont,CA,94555,37.575531,-122.044637,4.5,85,"Noodles, Chinese, Asian Fusion",$$,(510) 371-0659,https://www.yelp.com/biz/five-grains-noodle-house-fremont?adjust_creative=GepJ5zIUri1AD57Nr1jJuQ&utm_campaign=yelp_api_v3&utm_medium=api_v3_business_search&utm_source=GepJ5zIUri1AD57Nr1jJuQ
Pho & Bun,1810 Milmont Dr,Milpitas,CA,95035,37.45509,-121.916,4.5,294,"Vietnamese, Noodles, Soup",$$,(669) 226-5778,https://www.yelp.com/biz/pho-and-bun-milpitas-3?adjust_creative=GepJ5zIUri1AD57Nr1jJuQ&utm_campaign=yelp_api_v3&utm_medium=api_v3_business_search&utm_source=GepJ5zIUri1AD57Nr1jJuQ
Hops & Beans Cafe,4000 Bay St,Fremont,CA,94538,37.532729,-121.959351,4.5,346,"Cafes, Coffee & Tea, Beer, Wine & Spirits",$,(510) 573-1058,https://www.yelp.com/biz/hops-and-beans-cafe-fremont-2?adjust_creative=GepJ5zIUri1AD57Nr1jJuQ&utm_campaign=yelp_api_v3&utm_medium=api_v3_business_search&utm_source=GepJ5zIUri1AD57Nr1jJuQ
Seasoned,,Fremont,CA,94536,37.571321180904974,-121.98540167966068,4.5,6,"Food Trucks, Hot Dogs, Burgers",N/A,(925) 658-8582,https://www.yelp.com/biz/seasoned-fremont?adjust_creative=GepJ5zIUri1AD57Nr1jJuQ&utm_campaign=yelp_api_v3&utm_medium=api_v3_business_search&utm_source=GepJ5zIUri1AD57Nr1jJuQ
Delicious indo-American cuisine ,3409 Capitol Ave,Fremont,CA,94538,37.55133954,-121.98387981,5.0,3,"Food Trucks, Breakfast & Brunch, American",N/A,(510) 899-2266,https://www.yelp.com/biz/delicious-indo-american-cuisine-fremont-2?adjust_creative=GepJ5zIUri1AD57Nr1jJuQ&utm_campaign=yelp_api_v3&utm_medium=api_v3_business_search&utm_source=GepJ5zIUri1AD57Nr1jJuQ
California Soul Food,36976 Cherry St,Newark,CA,94560,37.53379,-122.0341,5.0,3,"Barbeque, Soul Food, Food Delivery Services",N/A,(408) 502-7411,https://www.yelp.com/biz/california-soul-food-newark-2?adjust_creative=GepJ5zIUri1AD57Nr1jJuQ&utm_campaign=yelp_api_v3&utm_medium=api_v3_business_search&utm_source=GepJ5zIUri1AD57Nr1jJuQ
Benny Grill Express Donburi,5799 Mowry Ave,Newark,CA,94560,37.527053,-122.006499,5.0,3,"Japanese, Food Trucks",N/A,(510) 556-4293,https://www.yelp.com/biz/benny-grill-express-donburi-newark?adjust_creative=GepJ5zIUri1AD57Nr1jJuQ&utm_campaign=yelp_api_v3&utm_medium=api_v3_business_search&utm_source=GepJ5zIUri1AD57Nr1jJuQ
iniWings - This isn't just iniWings!,44029 Osgood Rd,Fremont,CA,94539,37.51132300793624,-121.94093415749286,4.5,8,"Chicken Wings, Halal",N/A,(510) 556-2556,https://www.yelp.com/biz/iniwings-this-isnt-just-iniwings-fremont-6?adjust_creative=GepJ5zIUri1AD57Nr1jJuQ&utm_campaign=yelp_api_v3&utm_medium=api_v3_business_search&utm_source=GepJ5zIUri1AD57Nr1jJuQ
Super Tamales,5301 Mowry Ave,Fremont,CA,94538,37.53335,-122.00133,5.0,3,"Mexican, Food Trucks",N/A,(408) 477-4072,https://www.yelp.com/biz/super-tamales-fremont?adjust_creative=GepJ5zIUri1AD57Nr1jJuQ&utm_campaign=yelp_api_v3&utm_medium=api_v3_business_search&utm_source=GepJ5zIUri1AD57Nr1jJuQ
Taqueria Extra Truck #2,4050 Alder Ave,Fremont,CA,94536,37.56208379413674,-122.0160488748821,4.8,4,"Mexican, Food Trucks",N/A,(510) 320-4126,https://www.yelp.com/biz/taqueria-extra-truck-2-fremont-3?adjust_creative=GepJ5zIUri1AD57Nr1jJuQ&utm_campaign=yelp_api_v3&utm_medium=api_v3_business_search&utm_source=GepJ5zIUri1AD57Nr1jJuQ
Hanson's Pastry,35201 Newark Blvd,Newark,CA,94560,37.547846,-122.047286,4.5,22,Dim Sum,N/A,(510) 894-3727,https://www.yelp.com/biz/hansons-pastry-newark?adjust_creative=GepJ5zIUri1AD57Nr1jJuQ&utm_campaign=yelp_api_v3&utm_medium=api_v3_business_search&utm_source=GepJ5zIUri1AD57Nr1jJuQ
Julie’s Noodle,46164 Warm Springs Blvd,Fremont,CA,94539,37.49385947661408,-121.9298580139354,4.5,87,Noodles,$$,(510) 270-8169,https://www.yelp.com/biz/julie-s-noodle-fremont?adjust_creative=GepJ5zIUri1AD57Nr1jJuQ&utm_campaign=yelp_api_v3&utm_medium=api_v3_business_search&utm_source=GepJ5zIUri1AD57Nr1jJuQ
Rayo’s Pizza,32681 Mission Blvd,Hayward,CA,94544,37.61033,-122.02558,4.5,209,"Pizza, Burgers, Halal",$$,(510) 431-3302,https://www.yelp.com/biz/rayo-s-pizza-hayward-2?adjust_creative=GepJ5zIUri1AD57Nr1jJuQ&utm_campaign=yelp_api_v3&utm_medium=api_v3_business_search&utm_source=GepJ5zIUri1AD57Nr1jJuQ
Vitality Bowls,39258 Paseo Padre Pkwy,Fremont,CA,94538,37.55331667,-121.97870167,4.5,295,"Acai Bowls, Juice Bars & Smoothies, Salad",$$,(510) 972-8841,https://www.yelp.com/biz/vitality-bowls-fremont-5?adjust_creative=GepJ5zIUri1AD57Nr1jJuQ&utm_campaign=yelp_api_v3&utm_medium=api_v3_business_search&utm_source=GepJ5zIUri1AD57Nr1jJuQ
The Burger Shop,3851 Smith St,Union City,CA,94587,37.59663491384269,-122.0778634,4.5,103,"Burgers, Pop-up Shops",$$,(510) 415-6733,https://www.yelp.com/biz/the-burger-shop-union-city-2?adjust_creative=GepJ5zIUri1AD57Nr1jJuQ&utm_campaign=yelp_api_v3&utm_medium=api_v3_business_search&utm_source=GepJ5zIUri1AD57Nr1jJuQ
Pasha,39941 Mission Blvd,Fremont,CA,94539,37.556738,-121.952521,4.5,23,"Hookah Bars, Mediterranean, Cocktail Bars",N/A,(510) 573-6112,https://www.yelp.com/biz/pasha-fremont-2?adjust_creative=GepJ5zIUri1AD57Nr1jJuQ&utm_campaign=yelp_api_v3&utm_medium=api_v3_business_search&utm_source=GepJ5zIUri1AD57Nr1jJuQ
MITK Kitchen,1655 Whipple Rd,Hayward,CA,94544,37.60662527803212,-122.04916335401263,4.5,40,Taiwanese,N/A,(415) 988-3861,https://www.yelp.com/biz/mitk-kitchen-hayward-2?adjust_creative=GepJ5zIUri1AD57Nr1jJuQ&utm_campaign=yelp_api_v3&utm_medium=api_v3_business_search&utm_source=GepJ5zIUri1AD57Nr1jJuQ
Kiya Sushi,36488 Fremont Blvd,Fremont,CA,94536,37.562769,-122.014571,4.5,472,"Sushi Bars, Japanese",$$,(510) 894-1112,https://www.yelp.com/biz/kiya-sushi-fremont-2?adjust_creative=GepJ5zIUri1AD57Nr1jJuQ&utm_campaign=yelp_api_v3&utm_medium=api_v3_business_search&utm_source=GepJ5zIUri1AD57Nr1jJuQ
Himalayan Chef Kitchen,6180 Jarvis Ave,Newark,CA,94560,37.548729,-122.049314,4.5,98,"Asian Fusion, Himalayan/Nepalese, Indian",$$,(510) 358-2165,https://www.yelp.com/biz/himalayan-chef-kitchen-newark?adjust_creative=GepJ5zIUri1AD57Nr1jJuQ&utm_campaign=yelp_api_v3&utm_medium=api_v3_business_search&utm_source=GepJ5zIUri1AD57Nr1jJuQ
M Dumpling,47001 Warm Springs Blvd,Fremont,CA,94539,37.487247,-121.928625,4.5,72,Chinese,$$,(510) 771-9143,https://www.yelp.com/biz/m-dumpling-fremont?adjust_creative=GepJ5zIUri1AD57Nr1jJuQ&utm_campaign=yelp_api_v3&utm_medium=api_v3_business_search&utm_source=GepJ5zIUri1AD57Nr1jJuQ
Los Jarochos Grill,43601 S Grimmer Boulevard,Fremont,CA,94539,37.5082774,-121.9629971,4.4,27,"Food Trucks, Caterers, Mexican",$,(408) 644-4587,https://www.yelp.com/biz/los-jarochos-grill-fremont-3?adjust_creative=GepJ5zIUri1AD57Nr1jJuQ&utm_campaign=yelp_api_v3&utm_medium=api_v3_business_search&utm_source=GepJ5zIUri1AD57Nr1jJuQ
Tamper Room Cafe & Gallery,43737 Boscell Rd,Fremont,CA,94538,37.50032611915454,-121.9738943,4.4,293,"Cafes, Art Galleries",$,(510) 573-0070,https://www.yelp.com/biz/tamper-room-cafe-and-gallery-fremont?adjust_creative=GepJ5zIUri1AD57Nr1jJuQ&utm_campaign=yelp_api_v3&utm_medium=api_v3_business_search&utm_source=GepJ5zIUri1AD57Nr1jJuQ
Zhangfei Hot Pot,43844 Pacific Commons Blvd,Fremont,CA,94538,37.50155,-121.96969,4.4,600,"Hot Pot, Chinese, Buffets",$$$,(510) 573-2508,https://www.yelp.com/biz/zhangfei-hot-pot-fremont?adjust_creative=GepJ5zIUri1AD57Nr1jJuQ&utm_campaign=yelp_api_v3&utm_medium=api_v3_business_search&utm_source=GepJ5zIUri1AD57Nr1jJuQ
Guanatos Tacos,44540 S Grimmer Blvd,Fremont,CA,94538,37.5022966663337,-121.952265179417,4.4,67,"Food Trucks, Mexican, Burgers",$$,(510) 938-7613,https://www.yelp.com/biz/guanatos-tacos-fremont?adjust_creative=GepJ5zIUri1AD57Nr1jJuQ&utm_campaign=yelp_api_v3&utm_medium=api_v3_business_search&utm_source=GepJ5zIUri1AD57Nr1jJuQ
Shihlin Taiwan Street Snacks,46551 Mission Blvd,Fremont,CA,94539,37.4920694,-121.9295516,4.4,72,"Fast Food, Taiwanese, Chicken Shop",$$,(510) 573-3217,https://www.yelp.com/biz/shihlin-taiwan-street-snacks-fremont-2?adjust_creative=GepJ5zIUri1AD57Nr1jJuQ&utm_campaign=yelp_api_v3&utm_medium=api_v3_business_search&utm_source=GepJ5zIUri1AD57Nr1jJuQ
Himalayan Chef Events & Catering,6180 Jarvis Ave,Newark,CA,94560,37.548817,-122.049373,4.4,14,"Caterers, Himalayan/Nepalese, Indian",$$,(650) 776-7619,https://www.yelp.com/biz/himalayan-chef-events-and-catering-newark?adjust_creative=GepJ5zIUri1AD57Nr1jJuQ&utm_campaign=yelp_api_v3&utm_medium=api_v3_business_search&utm_source=GepJ5zIUri1AD57Nr1jJuQ
Hello Tasty,5515 AutoMall Pkwy,Fremont,CA,94538,37.50568765531869,-121.9724388,4.4,7,"Pizza, Chicken Wings, Indian",N/A,(510) 270-3434,https://www.yelp.com/biz/hello-tasty-fremont?adjust_creative=GepJ5zIUri1AD57Nr1jJuQ&utm_campaign=yelp_api_v3&utm_medium=api_v3_business_search&utm_source=GepJ5zIUri1AD57Nr1jJuQ
Elite Bakery,4123 Dyer St,Union City,CA,94587,37.589144790511526,-122.07047248521428,4.4,379,"Bakeries, Guamanian",$$,(510) 400-1425,https://www.yelp.com/biz/elite-bakery-union-city?adjust_creative=GepJ5zIUri1AD57Nr1jJuQ&utm_campaign=yelp_api_v3&utm_medium=api_v3_business_search&utm_source=GepJ5zIUri1AD57Nr1jJuQ
Dosa Biryanizz Chaat Cafe,39447 Fremont Blvd,Fremont,CA,94538,37.543693,-121.982253,4.4,311,Indian,$$,(510) 371-1339,https://www.yelp.com/biz/dosa-biryanizz-chaat-cafe-fremont?adjust_creative=GepJ5zIUri1AD57Nr1jJuQ&utm_campaign=yelp_api_v3&utm_medium=api_v3_business_search&utm_source=GepJ5zIUri1AD57Nr1jJuQ
Kakuna Sushi,43472 Grimmer Blvd,Fremont,CA,94538,37.510693,-121.962996,4.4,546,"Ramen, Sushi Bars",$$,(510) 252-1289,https://www.yelp.com/biz/kakuna-sushi-fremont-2?adjust_creative=GepJ5zIUri1AD57Nr1jJuQ&utm_campaign=yelp_api_v3&utm_medium=api_v3_business_search&utm_source=GepJ5zIUri1AD57Nr1jJuQ
Hinodeya - Newark,5724 Thornton Ave,Newark,CA,94560,37.54014,-122.0274033,4.4,303,Ramen,$$,(669) 455-7030,https://www.yelp.com/biz/hinodeya-newark-newark?adjust_creative=GepJ5zIUri1AD57Nr1jJuQ&utm_campaign=yelp_api_v3&utm_medium=api_v3_business_search&utm_source=GepJ5zIUri1AD57Nr1jJuQ
Miss Shang,1828 N Milpitas Blvd,Milpitas,CA,95035,37.456210555263795,-121.91037896810586,4.4,12,"Asian Fusion, Steakhouses",N/A,,https://www.yelp.com/biz/miss-shang-milpitas-2?adjust_creative=GepJ5zIUri1AD57Nr1jJuQ&utm_campaign=yelp_api_v3&utm_medium=api_v3_business_search&utm_source=GepJ5zIUri1AD57Nr1jJuQ
Mission Tasty Hut,135 Anza St,Fremont,CA,94539,37.5306031368652,-121.91986982885636,4.4,53,"Seafood, Burgers, Fast Food",$$,(669) 302-9032,https://www.yelp.com/biz/mission-tasty-hut-fremont?adjust_creative=GepJ5zIUri1AD57Nr1jJuQ&utm_campaign=yelp_api_v3&utm_medium=api_v3_business_search&utm_source=GepJ5zIUri1AD57Nr1jJuQ
MJ Sushi,6068 Stevenson Blvd,Fremont,CA,94538,37.51838,-121.98959,4.4,568,"Sushi Bars, Japanese",$$,(510) 573-6093,https://www.yelp.com/biz/mj-sushi-fremont-3?adjust_creative=GepJ5zIUri1AD57Nr1jJuQ&utm_campaign=yelp_api_v3&utm_medium=api_v3_business_search&utm_source=GepJ5zIUri1AD57Nr1jJuQ
Joyful Dimsum Bistro,43486 Ellsworth St,Fremont,CA,94539,37.530860549148514,-121.92042918561468,4.4,269,Dim Sum,$$,(510) 270-8130,https://www.yelp.com/biz/joyful-dimsum-bistro-fremont?adjust_creative=GepJ5zIUri1AD57Nr1jJuQ&utm_campaign=yelp_api_v3&utm_medium=api_v3_business_search&utm_source=GepJ5zIUri1AD57Nr1jJuQ
Rāw Superfood Café - Fremont,3768 D Capitol Ave,Fremont,CA,94538,37.5489,-121.98524,4.4,357,"Cafes, Juice Bars & Smoothies, Acai Bowls",$$,(510) 255-0306,https://www.yelp.com/biz/r%C4%81w-superfood-caf%C3%A9-fremont-fremont?adjust_creative=GepJ5zIUri1AD57Nr1jJuQ&utm_campaign=yelp_api_v3&utm_medium=api_v3_business_search&utm_source=GepJ5zIUri1AD57Nr1jJuQ
La Orizabeña,40968 Fremont Blvd,Fremont,CA,94538,37.53372,-121.95957,4.4,49,"Tacos, Food Trucks",N/A,(510) 940-6003,https://www.yelp.com/biz/la-orizabe%C3%B1a-fremont?adjust_creative=GepJ5zIUri1AD57Nr1jJuQ&utm_campaign=yelp_api_v3&utm_medium=api_v3_business_search&utm_source=GepJ5zIUri1AD57Nr1jJuQ
Tao‘s Fresh,6185 Jarvis Ave,Newark,CA,94560,37.549585,-122.050394,4.4,231,"Asian Fusion, Bubble Tea, Barbeque",$$,(510) 574-0901,https://www.yelp.com/biz/tao-s-fresh-newark?adjust_creative=GepJ5zIUri1AD57Nr1jJuQ&utm_campaign=yelp_api_v3&utm_medium=api_v3_business_search&utm_source=GepJ5zIUri1AD57Nr1jJuQ
Habibiz,46560 Fremont Blvd,Fremont,CA,94538,37.48305961153231,-121.9452371132776,4.4,180,"Halal, Chinese, Soup",$$,(415) 910-8073,https://www.yelp.com/biz/habibiz-fremont-2?adjust_creative=GepJ5zIUri1AD57Nr1jJuQ&utm_campaign=yelp_api_v3&utm_medium=api_v3_business_search&utm_source=GepJ5zIUri1AD57Nr1jJuQ
Papasan Rolls & Bowls Revolving Sushi,3353 Walnut Ave,Fremont,CA,94538,37.5500607,-121.979443,4.4,880,Japanese,$$,(510) 795-8638,https://www.yelp.com/biz/papasan-rolls-and-bowls-revolving-sushi-fremont-2?adjust_creative=GepJ5zIUri1AD57Nr1jJuQ&utm_campaign=yelp_api_v3&utm_medium=api_v3_business_search&utm_source=GepJ5zIUri1AD57Nr1jJuQ
Daily Bagel Cafe,40061 Mission Blvd,Fremont,CA,94539,37.556033348612,-121.95191466687,4.4,514,"Bagels, Breakfast & Brunch",$,(510) 668-1999,https://www.yelp.com/biz/daily-bagel-cafe-fremont?adjust_creative=GepJ5zIUri1AD57Nr1jJuQ&utm_campaign=yelp_api_v3&utm_medium=api_v3_business_search&utm_source=GepJ5zIUri1AD57Nr1jJuQ
Chong Qing Noodle,39229 Cedar Blvd,Newark,CA,94560,37.52251791109557,-122.0048127,4.4,43,Noodles,$$,(510) 894-3927,https://www.yelp.com/biz/chong-qing-noodle-newark?adjust_creative=GepJ5zIUri1AD57Nr1jJuQ&utm_campaign=yelp_api_v3&utm_medium=api_v3_business_search&utm_source=GepJ5zIUri1AD57Nr1jJuQ
Burma Bay Cafe,47966 Warm Springs Blvd,Fremont,CA,94539,37.476679,-121.92123,4.4,197,"Burmese, Asian Fusion, Halal",$$,(510) 983-9868,https://www.yelp.com/biz/burma-bay-cafe-fremont-2?adjust_creative=GepJ5zIUri1AD57Nr1jJuQ&utm_campaign=yelp_api_v3&utm_medium=api_v3_business_search&utm_source=GepJ5zIUri1AD57Nr1jJuQ
Sweet Mex,34697 Alvarado Niles Rd,Union City,CA,94587,37.586225709283,-122.019305102636,4.4,254,"Ice Cream & Frozen Yogurt, Tacos",$$,(510) 431-3334,https://www.yelp.com/biz/sweet-mex-union-city?adjust_creative=GepJ5zIUri1AD57Nr1jJuQ&utm_campaign=yelp_api_v3&utm_medium=api_v3_business_search&utm_source=GepJ5zIUri1AD57Nr1jJuQ
Manila Turo Turo,3900 Lake Arrowhead Ave,Fremont,CA,94555,37.58571,-122.06088,4.4,208,"Filipino, Fast Food, Breakfast & Brunch",$$,(510) 471-4297,https://www.yelp.com/biz/manila-turo-turo-fremont?adjust_creative=GepJ5zIUri1AD57Nr1jJuQ&utm_campaign=yelp_api_v3&utm_medium=api_v3_business_search&utm_source=GepJ5zIUri1AD57Nr1jJuQ
575 Miishien Express,46551 Mission Blvd,Fremont,CA,94539,37.492068,-121.929532,4.4,13,"Noodles, Ramen",N/A,(510) 573-0104,https://www.yelp.com/biz/575-miishien-express-fremont-2?adjust_creative=GepJ5zIUri1AD57Nr1jJuQ&utm_campaign=yelp_api_v3&utm_medium=api_v3_business_search&utm_source=GepJ5zIUri1AD57Nr1jJuQ
My Indian Pizza,5176 Mowry Ave,Fremont,CA,94538,37.533649,-121.998146,4.4,43,"Pizza, Indian",$$,(408) 245-0560,https://www.yelp.com/biz/my-indian-pizza-fremont?adjust_creative=GepJ5zIUri1AD57Nr1jJuQ&utm_campaign=yelp_api_v3&utm_medium=api_v3_business_search&utm_source=GepJ5zIUri1AD57Nr1jJuQ
Billy Roys Burger,3909 Thornton Ave,Fremont,CA,94536,37.56187038859464,-122.0112302,4.4,1165,"Burgers, Salad, Sandwiches",$$,,https://www.yelp.com/biz/billy-roys-burger-fremont-4?adjust_creative=GepJ5zIUri1AD57Nr1jJuQ&utm_campaign=yelp_api_v3&utm_medium=api_v3_business_search&utm_source=GepJ5zIUri1AD57Nr1jJuQ
Cabrillo Park Café,4949 Stevenson Blvd,Fremont,CA,94538,37.529682,-121.982973,4.4,597,"Breakfast & Brunch, American, Mexican",$$,(510) 226-7777,https://www.yelp.com/biz/cabrillo-park-caf%C3%A9-fremont-3?adjust_creative=GepJ5zIUri1AD57Nr1jJuQ&utm_campaign=yelp_api_v3&utm_medium=api_v3_business_search&utm_source=GepJ5zIUri1AD57Nr1jJuQ
GAO's Kabob & Crab,1741 N Milpitas Blvd,Milpitas,CA,95035,37.455456,-121.911789,4.4,655,"Seafood, Kebab, Beer Bar",$$$,(408) 708-7906,https://www.yelp.com/biz/gaos-kabob-and-crab-milpitas-2?adjust_creative=GepJ5zIUri1AD57Nr1jJuQ&utm_campaign=yelp_api_v3&utm_medium=api_v3_business_search&utm_source=GepJ5zIUri1AD57Nr1jJuQ
Phin Cafe,34460 Fremont Blvd,Fremont,CA,94555,37.575053,-122.038712,4.4,445,"Coffee & Tea, Bubble Tea, Vietnamese",$,(510) 571-7403,https://www.yelp.com/biz/phin-cafe-fremont-2?adjust_creative=GepJ5zIUri1AD57Nr1jJuQ&utm_campaign=yelp_api_v3&utm_medium=api_v3_business_search&utm_source=GepJ5zIUri1AD57Nr1jJuQ
Keeku da Dhaba,3400 Mowry Ave,Fremont,CA,94538,37.551938,-121.985058,4.4,258,"Indian, Food Trucks, Kebab",$$,(510) 789-3437,https://www.yelp.com/biz/keeku-da-dhaba-fremont-2?adjust_creative=GepJ5zIUri1AD57Nr1jJuQ&utm_campaign=yelp_api_v3&utm_medium=api_v3_business_search&utm_source=GepJ5zIUri1AD57Nr1jJuQ
Tamales Etzaltan,42566 Charleston Way,Fremont,CA,94538,37.5226173400879,-121.953895568848,4.4,25,Tacos,N/A,(510) 516-2132,https://www.yelp.com/biz/tamales-etzaltan-fremont?adjust_creative=GepJ5zIUri1AD57Nr1jJuQ&utm_campaign=yelp_api_v3&utm_medium=api_v3_business_search&utm_source=GepJ5zIUri1AD57Nr1jJuQ
Wah Jee Wah,32681 Mission Blvd,Hayward,CA,94545,37.61033,-122.02558,4.4,189,"Barbeque, Indian",$$,(510) 742-1690,https://www.yelp.com/biz/wah-jee-wah-hayward?adjust_creative=GepJ5zIUri1AD57Nr1jJuQ&utm_campaign=yelp_api_v3&utm_medium=api_v3_business_search&utm_source=GepJ5zIUri1AD57Nr1jJuQ
Amy's Donuts,1818 Whipple Rd,Union City,CA,94587,37.60573509755146,-122.0521332,4.4,245,"Donuts, Coffee & Tea, Sandwiches",$,(510) 489-0584,https://www.yelp.com/biz/amys-donuts-union-city?adjust_creative=GepJ5zIUri1AD57Nr1jJuQ&utm_campaign=yelp_api_v3&utm_medium=api_v3_business_search&utm_source=GepJ5zIUri1AD57Nr1jJuQ
SOHO Modern Japanese,40520 Albrae St,Fremont,CA,94538,37.519956037941306,-121.98769513555708,4.4,627,Japanese,$$$$,(510) 949-3654,https://www.yelp.com/biz/soho-modern-japanese-fremont?adjust_creative=GepJ5zIUri1AD57Nr1jJuQ&utm_campaign=yelp_api_v3&utm_medium=api_v3_business_search&utm_source=GepJ5zIUri1AD57Nr1jJuQ
Ox 9 Lanzhou Hand Pulled Noodles,36456 Fremont Blvd,Fremont,CA,94536,37.562565,-122.014905,4.4,238,"Chinese, Noodles",$$,(510) 894-2655,https://www.yelp.com/biz/ox-9-lanzhou-hand-pulled-noodles-fremont-2?adjust_creative=GepJ5zIUri1AD57Nr1jJuQ&utm_campaign=yelp_api_v3&utm_medium=api_v3_business_search&utm_source=GepJ5zIUri1AD57Nr1jJuQ
Anantara,43852 Pacific Commons Blvd,Fremont,CA,94538,37.5014,-121.96957,4.4,104,Indian,N/A,(408) 656-4991,https://www.yelp.com/biz/anantara-fremont?adjust_creative=GepJ5zIUri1AD57Nr1jJuQ&utm_campaign=yelp_api_v3&utm_medium=api_v3_business_search&utm_source=GepJ5zIUri1AD57Nr1jJuQ
DOSA EXPRESS,3625 Thornton Ave,FREMONT,CA,94536,37.563137,-122.0101418,4.4,152,"Indian, Vegetarian",$$,(510) 275-5676,https://www.yelp.com/biz/dosa-express-fremont-3?adjust_creative=GepJ5zIUri1AD57Nr1jJuQ&utm_campaign=yelp_api_v3&utm_medium=api_v3_business_search&utm_source=GepJ5zIUri1AD57Nr1jJuQ
Qamaria Yemeni Coffee,4193 Cushing Pkwy,Fremont,CA,94538,37.49086,-121.95035,4.4,409,"Coffee & Tea, Desserts, Cafes",$$,(510) 573-6027,https://www.yelp.com/biz/qamaria-yemeni-coffee-fremont?adjust_creative=GepJ5zIUri1AD57Nr1jJuQ&utm_campaign=yelp_api_v3&utm_medium=api_v3_business_search&utm_source=GepJ5zIUri1AD57Nr1jJuQ
Sliver Pizzeria - Fremont,3658 Capitol Ave,Fremont,CA,94538,37.54988371581078,-121.9846722915704,4.4,292,"Pizza, Desserts, Cocktail Bars",$$,(510) 598-4246,https://www.yelp.com/biz/sliver-pizzeria-fremont-fremont?adjust_creative=GepJ5zIUri1AD57Nr1jJuQ&utm_campaign=yelp_api_v3&utm_medium=api_v3_business_search&utm_source=GepJ5zIUri1AD57Nr1jJuQ
iniBurger,44029 Osgood Rd,Fremont,CA,94539,37.511319,-121.940867,4.3,561,"Burgers, Chicken Wings, Halal",$$,(510) 556-2555,https://www.yelp.com/biz/iniburger-fremont-7?adjust_creative=GepJ5zIUri1AD57Nr1jJuQ&utm_campaign=yelp_api_v3&utm_medium=api_v3_business_search&utm_source=GepJ5zIUri1AD57Nr1jJuQ
O'Sullivan's Sports Pub,5660 Thornton Ave,Newark,CA,94560,37.540687,-122.0261957,4.3,678,"Sports Bars, Breakfast & Brunch, Burgers",$$,(510) 894-4724,https://www.yelp.com/biz/o-sullivans-sports-pub-newark?adjust_creative=GepJ5zIUri1AD57Nr1jJuQ&utm_campaign=yelp_api_v3&utm_medium=api_v3_business_search&utm_source=GepJ5zIUri1AD57Nr1jJuQ
Forest & Flour,43587 Mission Blvd,Fremont,CA,94539,37.5285645,-121.9191227,4.3,127,"Bakeries, Gluten-Free, Specialty Food",$$,(510) 573-1736,https://www.yelp.com/biz/forest-and-flour-fremont?adjust_creative=GepJ5zIUri1AD57Nr1jJuQ&utm_campaign=yelp_api_v3&utm_medium=api_v3_business_search&utm_source=GepJ5zIUri1AD57Nr1jJuQ
Dish N Dash - Fremont,43514 Christy St,Fremont,CA,94538,37.5048876,-121.9701053,4.3,1019,"Middle Eastern, Juice Bars & Smoothies",$$,(510) 249-9220,https://www.yelp.com/biz/dish-n-dash-fremont-fremont?adjust_creative=GepJ5zIUri1AD57Nr1jJuQ&utm_campaign=yelp_api_v3&utm_medium=api_v3_business_search&utm_source=GepJ5zIUri1AD57Nr1jJuQ
All Star Burgers,6950 Thornton Ave,Newark,CA,94560,37.53041,-122.03619,4.3,387,"Burgers, Ice Cream & Frozen Yogurt, New American",$$,(510) 793-3700,https://www.yelp.com/biz/all-star-burgers-newark?adjust_creative=GepJ5zIUri1AD57Nr1jJuQ&utm_campaign=yelp_api_v3&utm_medium=api_v3_business_search&utm_source=GepJ5zIUri1AD57Nr1jJuQ
Tandoori Pizza,31871 Alvarado Blvd,Union City,CA,94587,37.58972,-122.07142,4.3,121,"Pizza, Asian Fusion",N/A,(510) 324-3700,https://www.yelp.com/biz/tandoori-pizza-union-city?adjust_creative=GepJ5zIUri1AD57Nr1jJuQ&utm_campaign=yelp_api_v3&utm_medium=api_v3_business_search&utm_source=GepJ5zIUri1AD57Nr1jJuQ
Ichika,1728 N Milpitas Blvd,Milpitas,CA,95035,37.45551106786387,-121.9099824730293,4.3,231,"Sushi Bars, Japanese, Seafood",$$$$,(669) 226-5215,https://www.yelp.com/biz/ichika-milpitas?adjust_creative=GepJ5zIUri1AD57Nr1jJuQ&utm_campaign=yelp_api_v3&utm_medium=api_v3_business_search&utm_source=GepJ5zIUri1AD57Nr1jJuQ
Bosco's Roadhouse,11922 Main St,Sunol,CA,94586,37.59383358623912,-121.8878953,4.3,77,"American, Seafood, Cocktail Bars",$$,(925) 862-0821,https://www.yelp.com/biz/boscos-roadhouse-sunol-2?adjust_creative=GepJ5zIUri1AD57Nr1jJuQ&utm_campaign=yelp_api_v3&utm_medium=api_v3_business_search&utm_source=GepJ5zIUri1AD57Nr1jJuQ
Special Noodle,6180 Jarvis Ave,Newark,CA,94560,37.54875,-122.04933,4.3,936,"Chinese, Noodles",$$,(510) 894-1243,https://www.yelp.com/biz/special-noodle-newark?adjust_creative=GepJ5zIUri1AD57Nr1jJuQ&utm_campaign=yelp_api_v3&utm_medium=api_v3_business_search&utm_source=GepJ5zIUri1AD57Nr1jJuQ
Fiesta Mexicana Taco Truck,37531 Dusterberry Way,Fremont,CA,94536,37.5528576,-122.0089322,4.3,75,"Mexican, Food Trucks",$,(510) 586-9366,https://www.yelp.com/biz/fiesta-mexicana-taco-truck-fremont?adjust_creative=GepJ5zIUri1AD57Nr1jJuQ&utm_campaign=yelp_api_v3&utm_medium=api_v3_business_search&utm_source=GepJ5zIUri1AD57Nr1jJuQ
Niles Donuts,38003 Mission Blvd,Fremont,CA,94536,37.5760603806504,-121.971791283696,4.3,100,"Donuts, Coffee & Tea, Breakfast & Brunch",$,(510) 795-6463,https://www.yelp.com/biz/niles-donuts-fremont?adjust_creative=GepJ5zIUri1AD57Nr1jJuQ&utm_campaign=yelp_api_v3&utm_medium=api_v3_business_search&utm_source=GepJ5zIUri1AD57Nr1jJuQ
West Coast Sourdough,5589 Auto Mall Pkwy,Fremont,CA,94538,37.50420466799403,-121.97585918877446,4.3,25,"Salad, Soup, Sandwiches",N/A,(510) 573-2573,https://www.yelp.com/biz/west-coast-sourdough-fremont?adjust_creative=GepJ5zIUri1AD57Nr1jJuQ&utm_campaign=yelp_api_v3&utm_medium=api_v3_business_search&utm_source=GepJ5zIUri1AD57Nr1jJuQ
Tacos La Chaparrita,2428 Whipple Rd,Hayward,CA,94544,37.605917,-122.061277,4.3,97,"Street Vendors, Mexican, Food Stands",$,(510) 695-5686,https://www.yelp.com/biz/tacos-la-chaparrita-hayward?adjust_creative=GepJ5zIUri1AD57Nr1jJuQ&utm_campaign=yelp_api_v3&utm_medium=api_v3_business_search&utm_source=GepJ5zIUri1AD57Nr1jJuQ
Tacos Negris,37726 Niles Blvd,Fremont,CA,94536,37.57656732657889,-121.97623947487548,4.3,286,"Mexican, Food Trucks",$,,https://www.yelp.com/biz/tacos-negris-fremont?adjust_creative=GepJ5zIUri1AD57Nr1jJuQ&utm_campaign=yelp_api_v3&utm_medium=api_v3_business_search&utm_source=GepJ5zIUri1AD57Nr1jJuQ
R HaanThai,46535 Mission Blvd,Fremont,CA,94539,37.4923838,-121.92878576586985,4.3,315,Thai,$$,(510) 573-3667,https://www.yelp.com/biz/r-haanthai-fremont?adjust_creative=GepJ5zIUri1AD57Nr1jJuQ&utm_campaign=yelp_api_v3&utm_medium=api_v3_business_search&utm_source=GepJ5zIUri1AD57Nr1jJuQ
Doli's Pupuseria & Taqueria,4190 Mowry Ave,Fremont,CA,94538,37.54552,-121.99028,4.3,32,"Food Trucks, Mexican, Caterers",$$,(510) 825-8559,https://www.yelp.com/biz/dolis-pupuseria-and-taqueria-fremont?adjust_creative=GepJ5zIUri1AD57Nr1jJuQ&utm_campaign=yelp_api_v3&utm_medium=api_v3_business_search&utm_source=GepJ5zIUri1AD57Nr1jJuQ
Solkadhi,39158 Paseo Padre Pkwy,Fremont,CA,94538,37.554118,-121.979668,4.3,103,Indian,N/A,(510) 246-8880,https://www.yelp.com/biz/solkadhi-fremont?adjust_creative=GepJ5zIUri1AD57Nr1jJuQ&utm_campaign=yelp_api_v3&utm_medium=api_v3_business_search&utm_source=GepJ5zIUri1AD57Nr1jJuQ
Simmer Huang,2016 Newpark Mall Rd,Newark,CA,94560,37.526271,-122.00216,4.3,68,"Chinese, Noodles, Hot Pot",N/A,(510) 505-0888,https://www.yelp.com/biz/simmer-huang-newark?adjust_creative=GepJ5zIUri1AD57Nr1jJuQ&utm_campaign=yelp_api_v3&utm_medium=api_v3_business_search&utm_source=GepJ5zIUri1AD57Nr1jJuQ
Amazing Basil,46831 Warm Springs Blvd,Fremont,CA,94539,37.488385,-121.929474,4.3,845,"Asian Fusion, Thai, Vietnamese",$$,(510) 573-3598,https://www.yelp.com/biz/amazing-basil-fremont?adjust_creative=GepJ5zIUri1AD57Nr1jJuQ&utm_campaign=yelp_api_v3&utm_medium=api_v3_business_search&utm_source=GepJ5zIUri1AD57Nr1jJuQ
Mumbai Chowk Fremont,44800 S Grimmer Blvd,Fremont,CA,94538,37.503039,-121.947863,4.3,98,"Indian, Seafood",$$,(510) 709-8426,https://www.yelp.com/biz/mumbai-chowk-fremont-fremont?adjust_creative=GepJ5zIUri1AD57Nr1jJuQ&utm_campaign=yelp_api_v3&utm_medium=api_v3_business_search&utm_source=GepJ5zIUri1AD57Nr1jJuQ
Chicken Meets Rice,46551 Mission Blvd,Fremont,CA,94539,37.49206514366742,-121.9295516,4.3,187,"Chicken Shop, Chinese, Asian Fusion",$$,(510) 556-0280,https://www.yelp.com/biz/chicken-meets-rice-fremont-3?adjust_creative=GepJ5zIUri1AD57Nr1jJuQ&utm_campaign=yelp_api_v3&utm_medium=api_v3_business_search&utm_source=GepJ5zIUri1AD57Nr1jJuQ
Din Ding Dumpling,3768 Capitol Ave,Fremont,CA,94538,37.5489,-121.98524,4.3,230,"Dim Sum, Noodles, Shanghainese",$$,(510) 797-8122,https://www.yelp.com/biz/din-ding-dumpling-fremont?adjust_creative=GepJ5zIUri1AD57Nr1jJuQ&utm_campaign=yelp_api_v3&utm_medium=api_v3_business_search&utm_source=GepJ5zIUri1AD57Nr1jJuQ
Maya Halal Taqueria,32136 Alvarado Blvd,Union City,CA,94587,37.589832,-122.067748,4.3,86,"Mexican, Halal",N/A,(510) 589-4499,https://www.yelp.com/biz/maya-halal-taqueria-union-city?adjust_creative=GepJ5zIUri1AD57Nr1jJuQ&utm_campaign=yelp_api_v3&utm_medium=api_v3_business_search&utm_source=GepJ5zIUri1AD57Nr1jJuQ
Mylapore - Fremont,39024 Paseo Padre Pkwy,Fremont,CA,94538,37.554564,-121.980672,4.3,133,Indian,$$,(510) 771-9830,https://www.yelp.com/biz/mylapore-fremont-fremont-3?adjust_creative=GepJ5zIUri1AD57Nr1jJuQ&utm_campaign=yelp_api_v3&utm_medium=api_v3_business_search&utm_source=GepJ5zIUri1AD57Nr1jJuQ
Bombay Pizza House,4922 Paseo Padre Pkwy,Fremont,CA,94555,37.5672739703512,-122.05232250744,4.3,1138,"Pizza, Chicken Wings, Beer Bar",$$,(510) 796-7700,https://www.yelp.com/biz/bombay-pizza-house-fremont?adjust_creative=GepJ5zIUri1AD57Nr1jJuQ&utm_campaign=yelp_api_v3&utm_medium=api_v3_business_search&utm_source=GepJ5zIUri1AD57Nr1jJuQ
Eat Up,46551 Mission Blvd,Fremont,CA,94539,37.492086937172786,-121.9295536139372,4.3,10,Food Court,N/A,(510) 390-7799,https://www.yelp.com/biz/eat-up-fremont?adjust_creative=GepJ5zIUri1AD57Nr1jJuQ&utm_campaign=yelp_api_v3&utm_medium=api_v3_business_search&utm_source=GepJ5zIUri1AD57Nr1jJuQ
K Kitchen and Fish Day,33592 Alvarado Niles Rd,Union City,CA,94587,37.5915496955143,-122.0354206,4.3,411,"Korean, Fish & Chips, Japanese",$$,(510) 429-1252,https://www.yelp.com/biz/k-kitchen-and-fish-day-union-city-2?adjust_creative=GepJ5zIUri1AD57Nr1jJuQ&utm_campaign=yelp_api_v3&utm_medium=api_v3_business_search&utm_source=GepJ5zIUri1AD57Nr1jJuQ
EE Home Cooking,43689 Mission Blvd,Fremont,CA,94539,37.52637,-121.91849,4.3,149,Chinese,$$,(510) 440-8822,https://www.yelp.com/biz/ee-home-cooking-fremont-2?adjust_creative=GepJ5zIUri1AD57Nr1jJuQ&utm_campaign=yelp_api_v3&utm_medium=api_v3_business_search&utm_source=GepJ5zIUri1AD57Nr1jJuQ
Taverna Vesuvio Pizzeria & Ristorante,39965 Mission Blvd,Fremont,CA,94539,37.556463,-121.952644,4.3,156,"Pizza, Italian",$$,(510) 573-4383,https://www.yelp.com/biz/taverna-vesuvio-pizzeria-and-ristorante-fremont?adjust_creative=GepJ5zIUri1AD57Nr1jJuQ&utm_campaign=yelp_api_v3&utm_medium=api_v3_business_search&utm_source=GepJ5zIUri1AD57Nr1jJuQ
Cal Eats Fresh Mexican Grill,39700 Cedar Blvd,Newark,CA,94560,37.5215182773169,-121.996715068817,4.3,653,Mexican,$,(510) 573-0753,https://www.yelp.com/biz/cal-eats-fresh-mexican-grill-newark-2?adjust_creative=GepJ5zIUri1AD57Nr1jJuQ&utm_campaign=yelp_api_v3&utm_medium=api_v3_business_search&utm_source=GepJ5zIUri1AD57Nr1jJuQ
Curry Pizza House Fremont Mission,46703 Mission Blvd,Fremont,CA,94539,37.491440430400374,-121.92988811388804,4.3,161,"Pizza, Chicken Wings, Indian",$$,(510) 405-3100,https://www.yelp.com/biz/curry-pizza-house-fremont-6?adjust_creative=GepJ5zIUri1AD57Nr1jJuQ&utm_campaign=yelp_api_v3&utm_medium=api_v3_business_search&utm_source=GepJ5zIUri1AD57Nr1jJuQ
Ten Seconds Rice Noodle,34460 Fremont Blvd,Fremont,CA,94555,37.5751137,-122.038831,4.3,37,Noodles,$$,(510) 598-4099,https://www.yelp.com/biz/ten-seconds-rice-noodle-fremont?adjust_creative=GepJ5zIUri1AD57Nr1jJuQ&utm_campaign=yelp_api_v3&utm_medium=api_v3_business_search&utm_source=GepJ5zIUri1AD57Nr1jJuQ
Yoshi Food Truck,45500 Fremont Blvd,Fremont,CA,94538,37.493527,-121.9402005,4.3,37,"Food Trucks, Poke, Japanese",N/A,(669) 377-6666,https://www.yelp.com/biz/yoshi-food-truck-fremont-2?adjust_creative=GepJ5zIUri1AD57Nr1jJuQ&utm_campaign=yelp_api_v3&utm_medium=api_v3_business_search&utm_source=GepJ5zIUri1AD57Nr1jJuQ
Johnny's Pub,5800 Jarvis Ave,Newark,CA,94560,37.55132093866047,-122.04798683711672,4.3,49,"Dive Bars, Pubs, Breakfast & Brunch",$,(510) 794-1672,https://www.yelp.com/biz/johnnys-pub-newark?adjust_creative=GepJ5zIUri1AD57Nr1jJuQ&utm_campaign=yelp_api_v3&utm_medium=api_v3_business_search&utm_source=GepJ5zIUri1AD57Nr1jJuQ
Blendid,44009 Osgood Rd,Fremont,CA,94539,37.511358906184284,-121.9432225,4.3,19,"Juice Bars & Smoothies, Vegan, Gluten-Free",$,(415) 578-5153,https://www.yelp.com/biz/blendid-fremont-3?adjust_creative=GepJ5zIUri1AD57Nr1jJuQ&utm_campaign=yelp_api_v3&utm_medium=api_v3_business_search&utm_source=GepJ5zIUri1AD57Nr1jJuQ
Taqueria Extra Truck,47700 Warm Springs Blvd,Fremont,CA,94539,37.4774,-121.92192,4.3,35,"Mexican, Food Trucks",N/A,(510) 605-1106,https://www.yelp.com/biz/taqueria-extra-truck-fremont?adjust_creative=GepJ5zIUri1AD57Nr1jJuQ&utm_campaign=yelp_api_v3&utm_medium=api_v3_business_search&utm_source=GepJ5zIUri1AD57Nr1jJuQ
Lucky Soul Diner,50 Dixon Rd,Milpitas,CA,95035,37.457121,-121.910276,4.3,219,"Korean, Asian Fusion",$$,(408) 649-3388,https://www.yelp.com/biz/lucky-soul-diner-milpitas-2?adjust_creative=GepJ5zIUri1AD57Nr1jJuQ&utm_campaign=yelp_api_v3&utm_medium=api_v3_business_search&utm_source=GepJ5zIUri1AD57Nr1jJuQ
Amami Sushi Fremont,46228 Warm Springs Blvd,Fremont,CA,94539,37.493073,-121.929651,4.3,402,Sushi Bars,N/A,(510) 573-3831,https://www.yelp.com/biz/amami-sushi-fremont-fremont?adjust_creative=GepJ5zIUri1AD57Nr1jJuQ&utm_campaign=yelp_api_v3&utm_medium=api_v3_business_search&utm_source=GepJ5zIUri1AD57Nr1jJuQ
Ushiya Grill,1792 N Milpitas Blvd,Milpitas,CA,95035,37.455856,-121.910625,4.2,142,"Japanese, Do-It-Yourself Food",$$$,(669) 260-2988,https://www.yelp.com/biz/ushiya-grill-milpitas?adjust_creative=GepJ5zIUri1AD57Nr1jJuQ&utm_campaign=yelp_api_v3&utm_medium=api_v3_business_search&utm_source=GepJ5zIUri1AD57Nr1jJuQ
Taco Bar,7675 Thornton Ave,Newark,CA,94560,37.5289388000965,-122.041691690683,5.0,2,Mexican,$,(510) 709-8005,https://www.yelp.com/biz/taco-bar-newark?adjust_creative=GepJ5zIUri1AD57Nr1jJuQ&utm_campaign=yelp_api_v3&utm_medium=api_v3_business_search&utm_source=GepJ5zIUri1AD57Nr1jJuQ
Nacho Mami,5588 Cushing Pkwy,Fremont,CA,94538,37.49402403663199,-121.9727538,5.0,2,"Food Trucks, Desserts, Breakfast & Brunch",N/A,,https://www.yelp.com/biz/nacho-mami-fremont-2?adjust_creative=GepJ5zIUri1AD57Nr1jJuQ&utm_campaign=yelp_api_v3&utm_medium=api_v3_business_search&utm_source=GepJ5zIUri1AD57Nr1jJuQ
Los Primos Tacos,,Fremont,CA,94536,37.5529857245817,-122.008371417093,5.0,2,"Food Trucks, Tacos",N/A,(510) 203-4530,https://www.yelp.com/biz/los-primos-tacos-fremont?adjust_creative=GepJ5zIUri1AD57Nr1jJuQ&utm_campaign=yelp_api_v3&utm_medium=api_v3_business_search&utm_source=GepJ5zIUri1AD57Nr1jJuQ
Biriyani House,41039 Fremont Blvd,Fremont,CA,94538,37.53226,-121.960286,5.0,2,Indian,N/A,(510) 709-6003,https://www.yelp.com/biz/biriyani-house-fremont?adjust_creative=GepJ5zIUri1AD57Nr1jJuQ&utm_campaign=yelp_api_v3&utm_medium=api_v3_business_search&utm_source=GepJ5zIUri1AD57Nr1jJuQ
Kyain Kyain,3649 Thornton Ave,Fremont,CA,94536,37.5627098,-122.0103073,4.2,457,Burmese,$$,(510) 574-1819,https://www.yelp.com/biz/kyain-kyain-fremont-3?adjust_creative=GepJ5zIUri1AD57Nr1jJuQ&utm_campaign=yelp_api_v3&utm_medium=api_v3_business_search&utm_source=GepJ5zIUri1AD57Nr1jJuQ
The Ultimate Deli Cafe and Catering,39706 Cedar Blvd,Newark,CA,94560,37.52145,-121.99654,4.2,567,"Sandwiches, Halal, Breakfast & Brunch",$$,(510) 252-1649,https://www.yelp.com/biz/the-ultimate-deli-cafe-and-catering-newark?adjust_creative=GepJ5zIUri1AD57Nr1jJuQ&utm_campaign=yelp_api_v3&utm_medium=api_v3_business_search&utm_source=GepJ5zIUri1AD57Nr1jJuQ
The Everest Momo,39233 Fremont Blvd,Fremont,CA,94538,37.54643,-121.98512,4.2,118,"Food Trucks, Indian, Himalayan/Nepalese",$,(408) 840-6369,https://www.yelp.com/biz/the-everest-momo-fremont-2?adjust_creative=GepJ5zIUri1AD57Nr1jJuQ&utm_campaign=yelp_api_v3&utm_medium=api_v3_business_search&utm_source=GepJ5zIUri1AD57Nr1jJuQ
Curry Pizza House,1806 Milmont Dr,Milpitas,CA,95035,37.4551362,-121.91584605398464,4.2,346,"Pizza, Salad, Chicken Wings",$$,(408) 831-3580,https://www.yelp.com/biz/curry-pizza-house-milpitas-3?adjust_creative=GepJ5zIUri1AD57Nr1jJuQ&utm_campaign=yelp_api_v3&utm_medium=api_v3_business_search&utm_source=GepJ5zIUri1AD57Nr1jJuQ
Krispy Krunchy Chicken,4004 Mowry Ave,Fremont,CA,94538,37.547910944315625,-121.9882101,4.2,99,"Chicken Wings, Seafood, Fast Food",N/A,(510) 794-7772,https://www.yelp.com/biz/krispy-krunchy-chicken-fremont?adjust_creative=GepJ5zIUri1AD57Nr1jJuQ&utm_campaign=yelp_api_v3&utm_medium=api_v3_business_search&utm_source=GepJ5zIUri1AD57Nr1jJuQ
Carmelita's Taqueria,34704 Alvarado Niles Rd,Union City,CA,94587,37.58653,-122.01806,4.2,310,Mexican,$$,(510) 429-1735,https://www.yelp.com/biz/carmelitas-taqueria-union-city-2?adjust_creative=GepJ5zIUri1AD57Nr1jJuQ&utm_campaign=yelp_api_v3&utm_medium=api_v3_business_search&utm_source=GepJ5zIUri1AD57Nr1jJuQ
Sushi Ken,39156 Paseo Padre Pkwy,Fremont,CA,94538,37.553992,-121.97975,4.2,368,"Sushi Bars, Japanese, Vegan",$$,(510) 894-1698,https://www.yelp.com/biz/sushi-ken-fremont-2?adjust_creative=GepJ5zIUri1AD57Nr1jJuQ&utm_campaign=yelp_api_v3&utm_medium=api_v3_business_search&utm_source=GepJ5zIUri1AD57Nr1jJuQ
Sizzling Lunch,40522 Albrae St,Fremont,CA,94538,37.519873,-121.987704,4.2,591,"Teppanyaki, Japanese Curry",$$,(510) 573-6122,https://www.yelp.com/biz/sizzling-lunch-fremont?adjust_creative=GepJ5zIUri1AD57Nr1jJuQ&utm_campaign=yelp_api_v3&utm_medium=api_v3_business_search&utm_source=GepJ5zIUri1AD57Nr1jJuQ
Osaka Marketplace,46881 Warm Springs Blvd,Fremont,CA,94539,37.488145095788056,-121.93046677878164,4.2,347,"Japanese, International Grocery",$$,(510) 399-4832,https://www.yelp.com/biz/osaka-marketplace-fremont-2?adjust_creative=GepJ5zIUri1AD57Nr1jJuQ&utm_campaign=yelp_api_v3&utm_medium=api_v3_business_search&utm_source=GepJ5zIUri1AD57Nr1jJuQ
Tandoori Pizza,35760 Fremont Blvd,Fremont,CA,94536,37.56769710208584,-122.0237906331294,4.2,311,"Pizza, Asian Fusion",$$,(510) 494-5555,https://www.yelp.com/biz/tandoori-pizza-fremont?adjust_creative=GepJ5zIUri1AD57Nr1jJuQ&utm_campaign=yelp_api_v3&utm_medium=api_v3_business_search&utm_source=GepJ5zIUri1AD57Nr1jJuQ
The Une Union City,3902 Smith St,Union City,CA,94587,37.596400609289006,-122.07915376871824,4.2,55,Sandwiches,N/A,(510) 931-9334,https://www.yelp.com/biz/the-une-union-city-union-city?adjust_creative=GepJ5zIUri1AD57Nr1jJuQ&utm_campaign=yelp_api_v3&utm_medium=api_v3_business_search&utm_source=GepJ5zIUri1AD57Nr1jJuQ
Cafe Mei,43761 Boscell Rd,Fremont,CA,94538,37.499997,-121.973649,4.2,216,"Breakfast & Brunch, Sandwiches, Taiwanese",$$,(510) 573-2496,https://www.yelp.com/biz/cafe-mei-fremont-3?adjust_creative=GepJ5zIUri1AD57Nr1jJuQ&utm_campaign=yelp_api_v3&utm_medium=api_v3_business_search&utm_source=GepJ5zIUri1AD57Nr1jJuQ
New York Pizza & Kabob,32106 Alvarado Blvd,Union City,CA,94587,37.590293,-122.068482,4.2,205,"Pizza, Kebab, Halal",$$,(510) 477-8888,https://www.yelp.com/biz/new-york-pizza-and-kabob-union-city?adjust_creative=GepJ5zIUri1AD57Nr1jJuQ&utm_campaign=yelp_api_v3&utm_medium=api_v3_business_search&utm_source=GepJ5zIUri1AD57Nr1jJuQ
Taquizas Edgar,33503 Mission Blvd,Union City,CA,94587,37.60393249999997,-122.01833747055854,4.2,26,"Food Trucks, Mexican",$,(650) 771-0065,https://www.yelp.com/biz/taquizas-edgar-union-city?adjust_creative=GepJ5zIUri1AD57Nr1jJuQ&utm_campaign=yelp_api_v3&utm_medium=api_v3_business_search&utm_source=GepJ5zIUri1AD57Nr1jJuQ
Idly Express - Fremont,39144 Paseo Padre Pkwy,Fremont,CA,94538,37.554362,-121.980271,4.2,206,"Vegetarian, Indian",N/A,(510) 902-5130,https://www.yelp.com/biz/idly-express-fremont-fremont?adjust_creative=GepJ5zIUri1AD57Nr1jJuQ&utm_campaign=yelp_api_v3&utm_medium=api_v3_business_search&utm_source=GepJ5zIUri1AD57Nr1jJuQ
Dino's Grill,5855 Jarvis Ave,Newark,CA,94560,37.551822,-122.048607,4.2,433,"Greek, Italian, Sandwiches",$$,(510) 494-1203,https://www.yelp.com/biz/dinos-grill-newark?adjust_creative=GepJ5zIUri1AD57Nr1jJuQ&utm_campaign=yelp_api_v3&utm_medium=api_v3_business_search&utm_source=GepJ5zIUri1AD57Nr1jJuQ
Ramen ARASHI,46577 Mission Blvd,Fremont,CA,94539,37.491982,-121.930191256106,4.2,127,Ramen,$$,(510) 573-0392,https://www.yelp.com/biz/ramen-arashi-fremont?adjust_creative=GepJ5zIUri1AD57Nr1jJuQ&utm_campaign=yelp_api_v3&utm_medium=api_v3_business_search&utm_source=GepJ5zIUri1AD57Nr1jJuQ
Yin Ji Chang Fen,1832 N Milpitas Blvd,Milpitas,CA,95035,37.45631275712395,-121.91040068050413,4.2,464,"Dim Sum, Cantonese, Noodles",$$,(408) 618-8516,https://www.yelp.com/biz/yin-ji-chang-fen-milpitas?adjust_creative=GepJ5zIUri1AD57Nr1jJuQ&utm_campaign=yelp_api_v3&utm_medium=api_v3_business_search&utm_source=GepJ5zIUri1AD57Nr1jJuQ
Juanita's Polynesian Delights,36601 Newark Blvd,Newark,CA,94560,37.539397,-122.033851,4.2,73,Polynesian,$$,(510) 358-2802,https://www.yelp.com/biz/juanitas-polynesian-delights-newark?adjust_creative=GepJ5zIUri1AD57Nr1jJuQ&utm_campaign=yelp_api_v3&utm_medium=api_v3_business_search&utm_source=GepJ5zIUri1AD57Nr1jJuQ
Federicos Grill,37804 Niles Blvd,Fremont,CA,94536,37.57638,-121.97565,4.2,329,"Wine Bars, Italian, American",$$$,(510) 320-5354,https://www.yelp.com/biz/federicos-grill-fremont?adjust_creative=GepJ5zIUri1AD57Nr1jJuQ&utm_campaign=yelp_api_v3&utm_medium=api_v3_business_search&utm_source=GepJ5zIUri1AD57Nr1jJuQ
Renegade By Devout Coffee,37324 Fremont Blvd,Fremont,CA,94536,37.5584073,-122.0068662,4.2,322,"Coffee & Tea, Breakfast & Brunch, Pizza",$$,,https://www.yelp.com/biz/renegade-by-devout-coffee-fremont?adjust_creative=GepJ5zIUri1AD57Nr1jJuQ&utm_campaign=yelp_api_v3&utm_medium=api_v3_business_search&utm_source=GepJ5zIUri1AD57Nr1jJuQ
Pho Mama,39030 Paseo Padre Pkwy,Fremont,CA,94538,37.55445058918604,-121.98059136461885,4.2,136,Vietnamese,$$,(510) 648-2232,https://www.yelp.com/biz/pho-mama-fremont?adjust_creative=GepJ5zIUri1AD57Nr1jJuQ&utm_campaign=yelp_api_v3&utm_medium=api_v3_business_search&utm_source=GepJ5zIUri1AD57Nr1jJuQ
Mr. Kebab,1760 Decoto Rd,Union City,CA,94587,37.5882,-122.01889,4.2,1129,"Turkish, Middle Eastern, Halal",$$,(510) 324-3035,https://www.yelp.com/biz/mr-kebab-union-city-2?adjust_creative=GepJ5zIUri1AD57Nr1jJuQ&utm_campaign=yelp_api_v3&utm_medium=api_v3_business_search&utm_source=GepJ5zIUri1AD57Nr1jJuQ
Tramy’s Restaurant,5729 Jarvis Ave,Newark,CA,94560,37.55335,-122.04844,4.2,114,"Vietnamese, Noodles, Soup",$$,(510) 552-2233,https://www.yelp.com/biz/tramy-s-restaurant-newark?adjust_creative=GepJ5zIUri1AD57Nr1jJuQ&utm_campaign=yelp_api_v3&utm_medium=api_v3_business_search&utm_source=GepJ5zIUri1AD57Nr1jJuQ
Jack's Restaurant & Bar,1029 Newpark Mall Rd,Newark,CA,94560,37.526131362840935,-122.0021868678528,4.2,1530,"Breakfast & Brunch, American, Bars",$$,(510) 789-0027,https://www.yelp.com/biz/jacks-restaurant-and-bar-newark-2?adjust_creative=GepJ5zIUri1AD57Nr1jJuQ&utm_campaign=yelp_api_v3&utm_medium=api_v3_business_search&utm_source=GepJ5zIUri1AD57Nr1jJuQ
LiZhou Restaurant,1771 Decoto Rd,Union City,CA,94587,37.58955,-122.0228,4.2,44,"Halal, Chinese",N/A,(510) 431-3211,https://www.yelp.com/biz/lizhou-restaurant-union-city?adjust_creative=GepJ5zIUri1AD57Nr1jJuQ&utm_campaign=yelp_api_v3&utm_medium=api_v3_business_search&utm_source=GepJ5zIUri1AD57Nr1jJuQ
Mingala Restaurant,39055 Cedar Blvd,Newark,CA,94560,37.52349247577472,-122.00762857509028,4.2,194,"Burmese, Malaysian",$$,(510) 565-1339,https://www.yelp.com/biz/mingala-restaurant-newark?adjust_creative=GepJ5zIUri1AD57Nr1jJuQ&utm_campaign=yelp_api_v3&utm_medium=api_v3_business_search&utm_source=GepJ5zIUri1AD57Nr1jJuQ
786 Kabob House,39941 Balentine Dr,Newark,CA,94560,37.52120872471315,-121.99140016291348,4.2,15,"Afghan, Halal",N/A,(510) 771-9579,https://www.yelp.com/biz/786-kabob-house-newark?adjust_creative=GepJ5zIUri1AD57Nr1jJuQ&utm_campaign=yelp_api_v3&utm_medium=api_v3_business_search&utm_source=GepJ5zIUri1AD57Nr1jJuQ
MoMo CooK,40967 Fremont Blvd,Fremont,CA,94538,37.53311,-121.96007,4.2,281,"Chinese, Indian, Food Trucks",$,(510) 943-9872,https://www.yelp.com/biz/momo-cook-fremont-3?adjust_creative=GepJ5zIUri1AD57Nr1jJuQ&utm_campaign=yelp_api_v3&utm_medium=api_v3_business_search&utm_source=GepJ5zIUri1AD57Nr1jJuQ
The Yakitori Bar,46260 Warm Springs Blvd,Fremont,CA,94539,37.4925855592466,-121.92969270613511,4.2,474,"Japanese, Hot Pot, Tapas/Small Plates",$$,(510) 573-6683,https://www.yelp.com/biz/the-yakitori-bar-fremont?adjust_creative=GepJ5zIUri1AD57Nr1jJuQ&utm_campaign=yelp_api_v3&utm_medium=api_v3_business_search&utm_source=GepJ5zIUri1AD57Nr1jJuQ
Los Carnalitos Restaurant,30200 Industrial Pkwy SW,Hayward,CA,94544,37.6087644131806,-122.064557187259,4.2,662,Mexican,$$,(510) 324-8125,https://www.yelp.com/biz/los-carnalitos-restaurant-hayward?adjust_creative=GepJ5zIUri1AD57Nr1jJuQ&utm_campaign=yelp_api_v3&utm_medium=api_v3_business_search&utm_source=GepJ5zIUri1AD57Nr1jJuQ
Milk & Honey Cafe,34265 Fremont Blvd,Fremont,CA,94555,37.57537,-122.04262,4.2,1216,"Chinese, Taiwanese, Asian Fusion",$$,(510) 598-4108,https://www.yelp.com/biz/milk-and-honey-cafe-fremont-2?adjust_creative=GepJ5zIUri1AD57Nr1jJuQ&utm_campaign=yelp_api_v3&utm_medium=api_v3_business_search&utm_source=GepJ5zIUri1AD57Nr1jJuQ
Din Ding Dumpling House,1779 Decoto Rd,Union City,CA,94587,37.5906670735238,-122.022853333333,4.2,1527,"Dim Sum, Noodles, Shanghainese",$$,(510) 675-9958,https://www.yelp.com/biz/din-ding-dumpling-house-union-city-7?adjust_creative=GepJ5zIUri1AD57Nr1jJuQ&utm_campaign=yelp_api_v3&utm_medium=api_v3_business_search&utm_source=GepJ5zIUri1AD57Nr1jJuQ
Skillet'z Cafe,37378 Niles Blvd,Fremont,CA,94536,37.5773388719534,-121.9802899384161,4.2,1993,"Breakfast & Brunch, Waffles, American",$$,(510) 793-8161,https://www.yelp.com/biz/skilletz-cafe-fremont?adjust_creative=GepJ5zIUri1AD57Nr1jJuQ&utm_campaign=yelp_api_v3&utm_medium=api_v3_business_search&utm_source=GepJ5zIUri1AD57Nr1jJuQ
Kakushi Izakaya,39261 Cedar Blvd,Newark,CA,94560,37.52222,-122.00408,4.2,132,"Sushi Bars, Izakaya",$$,(650) 898-7989,https://www.yelp.com/biz/kakushi-izakaya-newark?adjust_creative=GepJ5zIUri1AD57Nr1jJuQ&utm_campaign=yelp_api_v3&utm_medium=api_v3_business_search&utm_source=GepJ5zIUri1AD57Nr1jJuQ
Vinh Khang Tofu,141 Dixon Rd,Milpitas,CA,95035,37.45847,-121.9096,4.2,122,Vietnamese,$,,https://www.yelp.com/biz/vinh-khang-tofu-milpitas?adjust_creative=GepJ5zIUri1AD57Nr1jJuQ&utm_campaign=yelp_api_v3&utm_medium=api_v3_business_search&utm_source=GepJ5zIUri1AD57Nr1jJuQ
El Hornito Pan Pizza,7084 Jarvis Ave,Newark,CA,94560,37.54179,-122.05533,4.2,97,"Pizza, Mexican",$$,(510) 791-3145,https://www.yelp.com/biz/el-hornito-pan-pizza-newark?adjust_creative=GepJ5zIUri1AD57Nr1jJuQ&utm_campaign=yelp_api_v3&utm_medium=api_v3_business_search&utm_source=GepJ5zIUri1AD57Nr1jJuQ
